-- MySQL dump 10.13  Distrib 8.0.13, for Win64 (x86_64)
--
-- Host: 127.0.0.1    Database: php2-7
-- ------------------------------------------------------
-- Server version	5.6.37

/*!40101 SET @OLD_CHARACTER_SET_CLIENT=@@CHARACTER_SET_CLIENT */;
/*!40101 SET @OLD_CHARACTER_SET_RESULTS=@@CHARACTER_SET_RESULTS */;
/*!40101 SET @OLD_COLLATION_CONNECTION=@@COLLATION_CONNECTION */;
 SET NAMES utf8 ;
/*!40103 SET @OLD_TIME_ZONE=@@TIME_ZONE */;
/*!40103 SET TIME_ZONE='+00:00' */;
/*!40014 SET @OLD_UNIQUE_CHECKS=@@UNIQUE_CHECKS, UNIQUE_CHECKS=0 */;
/*!40014 SET @OLD_FOREIGN_KEY_CHECKS=@@FOREIGN_KEY_CHECKS, FOREIGN_KEY_CHECKS=0 */;
/*!40101 SET @OLD_SQL_MODE=@@SQL_MODE, SQL_MODE='NO_AUTO_VALUE_ON_ZERO' */;
/*!40111 SET @OLD_SQL_NOTES=@@SQL_NOTES, SQL_NOTES=0 */;

--
-- Table structure for table `basket`
--

DROP TABLE IF EXISTS `basket`;
/*!40101 SET @saved_cs_client     = @@character_set_client */;
 SET character_set_client = utf8mb4 ;
CREATE TABLE `basket` (
  `id` int(11) NOT NULL AUTO_INCREMENT,
  `ID_UUID` varchar(255) NOT NULL,
  `count` int(11) NOT NULL,
  `prim` text NOT NULL,
  `id_user` int(11) NOT NULL,
  PRIMARY KEY (`id`),
  KEY `id_user` (`id_user`),
  CONSTRAINT `basket_ibfk_1` FOREIGN KEY (`id_user`) REFERENCES `users` (`id_user`)
) ENGINE=InnoDB DEFAULT CHARSET=utf8;
/*!40101 SET character_set_client = @saved_cs_client */;

--
-- Dumping data for table `basket`
--

LOCK TABLES `basket` WRITE;
/*!40000 ALTER TABLE `basket` DISABLE KEYS */;
/*!40000 ALTER TABLE `basket` ENABLE KEYS */;
UNLOCK TABLES;

--
-- Table structure for table `cart`
--

DROP TABLE IF EXISTS `cart`;
/*!40101 SET @saved_cs_client     = @@character_set_client */;
 SET character_set_client = utf8mb4 ;
CREATE TABLE `cart` (
  `id` int(11) NOT NULL AUTO_INCREMENT,
  `good_uid` varchar(40) NOT NULL,
  `user_id` int(11) NOT NULL,
  `quantity` int(11) NOT NULL,
  PRIMARY KEY (`id`),
  UNIQUE KEY `id_UNIQUE` (`id`)
) ENGINE=InnoDB AUTO_INCREMENT=72 DEFAULT CHARSET=utf8;
/*!40101 SET character_set_client = @saved_cs_client */;

--
-- Dumping data for table `cart`
--

LOCK TABLES `cart` WRITE;
/*!40000 ALTER TABLE `cart` DISABLE KEYS */;
INSERT INTO `cart` VALUES (69,'95be1a5e-c337-11e7-84ca-00ffc5973b67',1,2),(70,'95be17f4-c337-11e7-84ca-00ffc5973b65',1,2),(71,'95be17f4-c337-11e7-84ca-00ffc5973b71',1,1);
/*!40000 ALTER TABLE `cart` ENABLE KEYS */;
UNLOCK TABLES;

--
-- Table structure for table `categories`
--

DROP TABLE IF EXISTS `categories`;
/*!40101 SET @saved_cs_client     = @@character_set_client */;
 SET character_set_client = utf8mb4 ;
CREATE TABLE `categories` (
  `id_category` int(11) NOT NULL AUTO_INCREMENT,
  `status` varchar(250) DEFAULT NULL,
  `name` varchar(250) DEFAULT NULL,
  `parent_id` int(11) DEFAULT NULL,
  `foto_category` varchar(500) NOT NULL,
  `description_category` varchar(1000) NOT NULL,
  `UUID_categiry` varchar(250) NOT NULL,
  `id_pages` int(11) NOT NULL,
  PRIMARY KEY (`id_category`),
  KEY `id_pages` (`id_pages`),
  CONSTRAINT `categories_ibfk_1` FOREIGN KEY (`id_pages`) REFERENCES `pages` (`id`)
) ENGINE=InnoDB AUTO_INCREMENT=16 DEFAULT CHARSET=utf8;
/*!40101 SET character_set_client = @saved_cs_client */;

--
-- Dumping data for table `categories`
--

LOCK TABLES `categories` WRITE;
/*!40000 ALTER TABLE `categories` DISABLE KEYS */;
INSERT INTO `categories` VALUES (1,'1','Товары для серфинга',0,'','','',6),(2,'1','Товары для дайвинга',0,'','','',8),(7,'1','Гидрокостюмы',1,'images/serf/gidro.png','','',10),(8,'1','Доски',1,'images/serf/doska.png','','',11),(9,'1','Аксессуары',1,'images/serf/aksessuar.png','','',12),(10,'1','Кайтсерфы',1,'images/serf/jacknife_boards.png','','',13),(11,'1','Чехлы',1,'images/serf/salmon pink.png','','',14),(12,'1','Маски',2,'images/diving/mask.png','','',15),(13,'1','BCD куртки',2,'images/diving/seacsub-ego.png','','',18),(14,'1','Компьтеры',2,'images/diving/cressi-giotto.png','','',19),(15,'1','Подводные аппараты',2,'images/diving/seadoo-aquaranger.png','','',20);
/*!40000 ALTER TABLE `categories` ENABLE KEYS */;
UNLOCK TABLES;

--
-- Table structure for table `galery`
--

DROP TABLE IF EXISTS `galery`;
/*!40101 SET @saved_cs_client     = @@character_set_client */;
 SET character_set_client = utf8mb4 ;
CREATE TABLE `galery` (
  `id_galery` int(11) NOT NULL AUTO_INCREMENT,
  `name_foto` varchar(250) NOT NULL,
  `hash_file` varchar(250) NOT NULL,
  `name_file` varchar(250) NOT NULL,
  `view` int(11) NOT NULL,
  PRIMARY KEY (`id_galery`)
) ENGINE=InnoDB AUTO_INCREMENT=19 DEFAULT CHARSET=utf8;
/*!40101 SET character_set_client = @saved_cs_client */;

--
-- Dumping data for table `galery`
--

LOCK TABLES `galery` WRITE;
/*!40000 ALTER TABLE `galery` DISABLE KEYS */;
INSERT INTO `galery` VALUES (14,'','076e3caed758a1c18c91a0e9cae3368f.jpg','Chrysanthemum.jpg',11),(15,'','ba45c8f60456a672e003a875e469d0eb.jpg','Desert.jpg',1),(16,'','bdf3bf1da3405725be763540d6601144.jpg','Hydrangeas.jpg',2),(17,'','fafa5efeaf3cbe3b23b2748d13e629a1.jpg','Tulips.jpg',0),(18,'','9d377b10ce778c4938b3c7e2c63a229a.jpg','Penguins.jpg',0);
/*!40000 ALTER TABLE `galery` ENABLE KEYS */;
UNLOCK TABLES;

--
-- Table structure for table `goods`
--

DROP TABLE IF EXISTS `goods`;
/*!40101 SET @saved_cs_client     = @@character_set_client */;
 SET character_set_client = utf8mb4 ;
CREATE TABLE `goods` (
  `id_good` int(11) NOT NULL AUTO_INCREMENT,
  `name` varchar(200) DEFAULT NULL,
  `price` int(11) DEFAULT NULL,
  `id_category` int(11) DEFAULT NULL,
  `status` int(11) DEFAULT NULL,
  `foto` varchar(250) NOT NULL,
  `date` timestamp NOT NULL DEFAULT CURRENT_TIMESTAMP,
  `view` int(4) NOT NULL,
  `description` varchar(2048) NOT NULL,
  `short_description` text NOT NULL,
  `ID_UUID` varchar(250) NOT NULL DEFAULT 'SELECT UUID()',
  PRIMARY KEY (`id_good`)
) ENGINE=InnoDB AUTO_INCREMENT=39 DEFAULT CHARSET=utf8;
/*!40101 SET character_set_client = @saved_cs_client */;

--
-- Dumping data for table `goods`
--

LOCK TABLES `goods` WRITE;
/*!40000 ALTER TABLE `goods` DISABLE KEYS */;
INSERT INTO `goods` VALUES (3,'Good 3',49,7,2,'images/Livello25.png','2017-07-04 18:57:45',59,'There are many variations of passages of Lorem Ipsum available, but the majority have suffered alteration in some form, by injected humour, or randomised words which don\'t look even slightly believable. If you are going to use a passage of Lorem Ipsum, you need to be sure there isn\'t anything embarrassing hidden in the middle of text.             <br><br>             There are many variations of passages of Lorem Ipsum available, but the majority have suffered alteration in some form, by injected humour, or randomised words which don\'t look even slightly believable. If you are going to use a passage of Lorem Ipsum, you need to be sure there isn\'t anything embarrassing hidden in the middle of text.             <br>             - 6.1 oz. 100% preshrunk heavyweight cotton<br>             - Shoulder-to-shoulder taping<br>             - Double-needle sleeves and bottom hem             <br><br>             It uses a dictionary of over 200 Latin words, combined with a handful of model sentence structures, to generate Lorem Ipsum which looks reasonable','Lorem Ipsum is simply dummy text of the printing and typesetting industry. Lorem Ipsum has been the industry\'s standard dummy text ever since the 1500s, when an unknown printer took a galley of type and scrambled it to make a type specimen book. When an unknown printer took a galley of type.','95be17f4-c337-11e7-84ca-00ffc5973b65'),(4,'Good 4',100500,8,2,'images/Livello26.png','2017-10-10 18:57:45',63,'There are many variations of passages of Lorem Ipsum available, but the majority have suffered alteration in some form, by injected humour, or randomised words which don\'t look even slightly believable. If you are going to use a passage of Lorem Ipsum, you need to be sure there isn\'t anything embarrassing hidden in the middle of text. \r\n\r\nThere are many variations of passages of Lorem Ipsum available, but the majority have suffered alteration in some form, by injected humour, or randomised words which don\'t look even slightly believable. If you are going to use a passage of Lorem Ipsum, you need to be sure there isn\'t anything embarrassing hidden in the middle of text. \r\n- 6.1 oz. 100% preshrunk heavyweight cotton\r\n- Shoulder-to-shoulder taping\r\n- Double-needle sleeves and bottom hem \r\n\r\nIt uses a dictionary of over 200 Latin words, combined with a handful of model sentence structures, to generate Lorem Ipsum which looks reasonable.','Lorem Ipsum is simply dummy text of the printing and typesetting industry. Lorem Ipsum has been the industry\'s standard dummy text ever since the 1500s, when an unknown printer took a galley of type and scrambled it to make a type specimen book. When an unknown printer took a galley of type.','95be192f-c337-11e7-84ca-00ffc5973b66'),(5,'Good 5',2001,8,4,'images/Livello27.png','2017-11-02 18:57:45',86,'There are many variations of passages of Lorem Ipsum available, but the majority have suffered alteration in some form, by injected humour, or randomised words which don\'t look even slightly believable. If you are going to use a passage of Lorem Ipsum, you need to be sure there isn\'t anything embarrassing hidden in the middle of text.             <br><br>             There are many variations of passages of Lorem Ipsum available, but the majority have suffered alteration in some form, by injected humour, or randomised words which don\'t look even slightly believable. If you are going to use a passage of Lorem Ipsum, you need to be sure there isn\'t anything embarrassing hidden in the middle of text.             <br>             - 6.1 oz. 100% preshrunk heavyweight cotton<br>             - Shoulder-to-shoulder taping<br>             - Double-needle sleeves and bottom hem             <br><br>             It uses a dictionary of over 200 Latin words, combined with a handful of model sentence structures, to generate Lorem Ipsum which looks reasonable','Lorem Ipsum is simply dummy text of the printing and typesetting industry. Lorem Ipsum has been the industry\'s standard dummy text ever since the 1500s, when an unknown printer took a galley of type and scrambled it to make a type specimen book. When an unknown printer took a galley of type.','95be1a5e-c337-11e7-84ca-00ffc5973b67'),(6,'Good 6',1020,9,2,'images/Livello28.png','2017-11-01 18:57:45',43,'There are many variations of passages of Lorem Ipsum available, but the majority have suffered alteration in some form, by injected humour, or randomised words which don\'t look even slightly believable. If you are going to use a passage of Lorem Ipsum, you need to be sure there isn\'t anything embarrassing hidden in the middle of text.             <br><br>             There are many variations of passages of Lorem Ipsum available, but the majority have suffered alteration in some form, by injected humour, or randomised words which don\'t look even slightly believable. If you are going to use a passage of Lorem Ipsum, you need to be sure there isn\'t anything embarrassing hidden in the middle of text.             <br>             - 6.1 oz. 100% preshrunk heavyweight cotton<br>             - Shoulder-to-shoulder taping<br>             - Double-needle sleeves and bottom hem             <br><br>             It uses a dictionary of over 200 Latin words, combined with a handful of model sentence structures, to generate Lorem Ipsum which looks reasonable','Lorem Ipsum is simply dummy text of the printing and typesetting industry. Lorem Ipsum has been the industry\'s standard dummy text ever since the 1500s, when an unknown printer took a galley of type and scrambled it to make a type specimen book. When an unknown printer took a galley of type.','95be1b8d-c337-11e7-84ca-00ffc5973b68'),(7,'Good 7',1,12,2,'images/shop.png','2017-11-02 18:57:45',28,'There are many variations of passages of Lorem Ipsum available, but the majority have suffered alteration in some form, by injected humour, or randomised words which don\'t look even slightly believable. If you are going to use a passage of Lorem Ipsum, you need to be sure there isn\'t anything embarrassing hidden in the middle of text.             <br><br>             There are many variations of passages of Lorem Ipsum available, but the majority have suffered alteration in some form, by injected humour, or randomised words which don\'t look even slightly believable. If you are going to use a passage of Lorem Ipsum, you need to be sure there isn\'t anything embarrassing hidden in the middle of text.             <br>             - 6.1 oz. 100% preshrunk heavyweight cotton<br>             - Shoulder-to-shoulder taping<br>             - Double-needle sleeves and bottom hem             <br><br>             It uses a dictionary of over 200 Latin words, combined with a handful of model sentence structures, to generate Lorem Ipsum which looks reasonable','Lorem Ipsum is simply dummy text of the printing and typesetting industry. Lorem Ipsum has been the industry\'s standard dummy text ever since the 1500s, when an unknown printer took a galley of type and scrambled it to make a type specimen book. When an unknown printer took a galley of type.','95be1cbc-c337-11e7-84ca-00ffc5973b69'),(8,'Good 8',800,12,1,'images/shop.png','2017-11-02 18:57:45',368,'There are many variations of passages of Lorem Ipsum available, but the majority have suffered alteration in some form, by injected humour, or randomised words which don\'t look even slightly believable. If you are going to use a passage of Lorem Ipsum, you need to be sure there isn\'t anything embarrassing hidden in the middle of text.             <br><br>             There are many variations of passages of Lorem Ipsum available, but the majority have suffered alteration in some form, by injected humour, or randomised words which don\'t look even slightly believable. If you are going to use a passage of Lorem Ipsum, you need to be sure there isn\'t anything embarrassing hidden in the middle of text.             <br>             - 6.1 oz. 100% preshrunk heavyweight cotton<br>             - Shoulder-to-shoulder taping<br>             - Double-needle sleeves and bottom hem             <br><br>             It uses a dictionary of over 200 Latin words, combined with a handful of model sentence structures, to generate Lorem Ipsum which looks reasonable','Lorem Ipsum is simply dummy text of the printing and typesetting industry. Lorem Ipsum has been the industry\'s standard dummy text ever since the 1500s, when an unknown printer took a galley of type and scrambled it to make a type specimen book. When an unknown printer took a galley of type.','95be1deb-c337-11e7-84ca-00ffc5973b70'),(9,'Good 9',480,7,2,'images/Livello25.png','2017-07-04 18:57:45',17,'There are many variations of passages of Lorem Ipsum available, but the majority have suffered alteration in some form, by injected humour, or randomised words which don\'t look even slightly believable. If you are going to use a passage of Lorem Ipsum, you need to be sure there isn\'t anything embarrassing hidden in the middle of text.             <br><br>             There are many variations of passages of Lorem Ipsum available, but the majority have suffered alteration in some form, by injected humour, or randomised words which don\'t look even slightly believable. If you are going to use a passage of Lorem Ipsum, you need to be sure there isn\'t anything embarrassing hidden in the middle of text.             <br>             - 6.1 oz. 100% preshrunk heavyweight cotton<br>             - Shoulder-to-shoulder taping<br>             - Double-needle sleeves and bottom hem             <br><br>             It uses a dictionary of over 200 Latin words, combined with a handful of model sentence structures, to generate Lorem Ipsum which looks reasonable','Lorem Ipsum is simply dummy text of the printing and typesetting industry. Lorem Ipsum has been the industry\'s standard dummy text ever since the 1500s, when an unknown printer took a galley of type and scrambled it to make a type specimen book. When an unknown printer took a galley of type.','95be17f4-c337-11e7-84ca-00ffc5973b71'),(10,'Good 10',100500,8,2,'images/Livello26.png','2017-10-10 18:57:45',49,'There are many variations of passages of Lorem Ipsum available, but the majority have suffered alteration in some form, by injected humour, or randomised words which don\'t look even slightly believable. If you are going to use a passage of Lorem Ipsum, you need to be sure there isn\'t anything embarrassing hidden in the middle of text. \r\n\r\nThere are many variations of passages of Lorem Ipsum available, but the majority have suffered alteration in some form, by injected humour, or randomised words which don\'t look even slightly believable. If you are going to use a passage of Lorem Ipsum, you need to be sure there isn\'t anything embarrassing hidden in the middle of text. \r\n- 6.1 oz. 100% preshrunk heavyweight cotton\r\n- Shoulder-to-shoulder taping\r\n- Double-needle sleeves and bottom hem \r\n\r\nIt uses a dictionary of over 200 Latin words, combined with a handful of model sentence structures, to generate Lorem Ipsum which looks reasonable.','Lorem Ipsum is simply dummy text of the printing and typesetting industry. Lorem Ipsum has been the industry\'s standard dummy text ever since the 1500s, when an unknown printer took a galley of type and scrambled it to make a type specimen book. When an unknown printer took a galley of type.','95be192f-c337-11e7-84ca-00ffc5973b72'),(11,'Good 11',2001,8,4,'images/Livello27.png','2017-11-02 18:57:45',55,'There are many variations of passages of Lorem Ipsum available, but the majority have suffered alteration in some form, by injected humour, or randomised words which don\'t look even slightly believable. If you are going to use a passage of Lorem Ipsum, you need to be sure there isn\'t anything embarrassing hidden in the middle of text.             <br><br>             There are many variations of passages of Lorem Ipsum available, but the majority have suffered alteration in some form, by injected humour, or randomised words which don\'t look even slightly believable. If you are going to use a passage of Lorem Ipsum, you need to be sure there isn\'t anything embarrassing hidden in the middle of text.             <br>             - 6.1 oz. 100% preshrunk heavyweight cotton<br>             - Shoulder-to-shoulder taping<br>             - Double-needle sleeves and bottom hem             <br><br>             It uses a dictionary of over 200 Latin words, combined with a handful of model sentence structures, to generate Lorem Ipsum which looks reasonable','Lorem Ipsum is simply dummy text of the printing and typesetting industry. Lorem Ipsum has been the industry\'s standard dummy text ever since the 1500s, when an unknown printer took a galley of type and scrambled it to make a type specimen book. When an unknown printer took a galley of type.','95be1a5e-c337-11e7-84ca-00ffc5973b73'),(12,'Good 12',1020,9,2,'images/Livello28.png','2017-11-01 18:57:45',41,'There are many variations of passages of Lorem Ipsum available, but the majority have suffered alteration in some form, by injected humour, or randomised words which don\'t look even slightly believable. If you are going to use a passage of Lorem Ipsum, you need to be sure there isn\'t anything embarrassing hidden in the middle of text.             <br><br>             There are many variations of passages of Lorem Ipsum available, but the majority have suffered alteration in some form, by injected humour, or randomised words which don\'t look even slightly believable. If you are going to use a passage of Lorem Ipsum, you need to be sure there isn\'t anything embarrassing hidden in the middle of text.             <br>             - 6.1 oz. 100% preshrunk heavyweight cotton<br>             - Shoulder-to-shoulder taping<br>             - Double-needle sleeves and bottom hem             <br><br>             It uses a dictionary of over 200 Latin words, combined with a handful of model sentence structures, to generate Lorem Ipsum which looks reasonable','Lorem Ipsum is simply dummy text of the printing and typesetting industry. Lorem Ipsum has been the industry\'s standard dummy text ever since the 1500s, when an unknown printer took a galley of type and scrambled it to make a type specimen book. When an unknown printer took a galley of type.','95be1b8d-c337-11e7-84ca-00ffc5973b74'),(13,'Good 13',1,12,2,'images/shop.png','2017-11-02 18:57:45',28,'There are many variations of passages of Lorem Ipsum available, but the majority have suffered alteration in some form, by injected humour, or randomised words which don\'t look even slightly believable. If you are going to use a passage of Lorem Ipsum, you need to be sure there isn\'t anything embarrassing hidden in the middle of text.             <br><br>             There are many variations of passages of Lorem Ipsum available, but the majority have suffered alteration in some form, by injected humour, or randomised words which don\'t look even slightly believable. If you are going to use a passage of Lorem Ipsum, you need to be sure there isn\'t anything embarrassing hidden in the middle of text.             <br>             - 6.1 oz. 100% preshrunk heavyweight cotton<br>             - Shoulder-to-shoulder taping<br>             - Double-needle sleeves and bottom hem             <br><br>             It uses a dictionary of over 200 Latin words, combined with a handful of model sentence structures, to generate Lorem Ipsum which looks reasonable','Lorem Ipsum is simply dummy text of the printing and typesetting industry. Lorem Ipsum has been the industry\'s standard dummy text ever since the 1500s, when an unknown printer took a galley of type and scrambled it to make a type specimen book. When an unknown printer took a galley of type.','95be1cbc-c337-11e7-84ca-00ffc5973b75'),(14,'Good 14',800,12,1,'images/shop.png','2017-11-02 18:57:45',360,'There are many variations of passages of Lorem Ipsum available, but the majority have suffered alteration in some form, by injected humour, or randomised words which don\'t look even slightly believable. If you are going to use a passage of Lorem Ipsum, you need to be sure there isn\'t anything embarrassing hidden in the middle of text.             <br><br>             There are many variations of passages of Lorem Ipsum available, but the majority have suffered alteration in some form, by injected humour, or randomised words which don\'t look even slightly believable. If you are going to use a passage of Lorem Ipsum, you need to be sure there isn\'t anything embarrassing hidden in the middle of text.             <br>             - 6.1 oz. 100% preshrunk heavyweight cotton<br>             - Shoulder-to-shoulder taping<br>             - Double-needle sleeves and bottom hem             <br><br>             It uses a dictionary of over 200 Latin words, combined with a handful of model sentence structures, to generate Lorem Ipsum which looks reasonable','Lorem Ipsum is simply dummy text of the printing and typesetting industry. Lorem Ipsum has been the industry\'s standard dummy text ever since the 1500s, when an unknown printer took a galley of type and scrambled it to make a type specimen book. When an unknown printer took a galley of type.','95be1deb-c337-11e7-84ca-00ffc5973b76'),(15,'Good 15',48,7,2,'images/Livello25.png','2017-07-04 18:57:45',17,'There are many variations of passages of Lorem Ipsum available, but the majority have suffered alteration in some form, by injected humour, or randomised words which don\'t look even slightly believable. If you are going to use a passage of Lorem Ipsum, you need to be sure there isn\'t anything embarrassing hidden in the middle of text.             <br><br>             There are many variations of passages of Lorem Ipsum available, but the majority have suffered alteration in some form, by injected humour, or randomised words which don\'t look even slightly believable. If you are going to use a passage of Lorem Ipsum, you need to be sure there isn\'t anything embarrassing hidden in the middle of text.             <br>             - 6.1 oz. 100% preshrunk heavyweight cotton<br>             - Shoulder-to-shoulder taping<br>             - Double-needle sleeves and bottom hem             <br><br>             It uses a dictionary of over 200 Latin words, combined with a handful of model sentence structures, to generate Lorem Ipsum which looks reasonable','Lorem Ipsum is simply dummy text of the printing and typesetting industry. Lorem Ipsum has been the industry\'s standard dummy text ever since the 1500s, when an unknown printer took a galley of type and scrambled it to make a type specimen book. When an unknown printer took a galley of type.','95be17f4-c337-11e7-84ca-00ffc5973b77'),(16,'Good 16',100500,8,2,'images/Livello26.png','2017-10-10 18:57:45',49,'There are many variations of passages of Lorem Ipsum available, but the majority have suffered alteration in some form, by injected humour, or randomised words which don\'t look even slightly believable. If you are going to use a passage of Lorem Ipsum, you need to be sure there isn\'t anything embarrassing hidden in the middle of text. \r\n\r\nThere are many variations of passages of Lorem Ipsum available, but the majority have suffered alteration in some form, by injected humour, or randomised words which don\'t look even slightly believable. If you are going to use a passage of Lorem Ipsum, you need to be sure there isn\'t anything embarrassing hidden in the middle of text. \r\n- 6.1 oz. 100% preshrunk heavyweight cotton\r\n- Shoulder-to-shoulder taping\r\n- Double-needle sleeves and bottom hem \r\n\r\nIt uses a dictionary of over 200 Latin words, combined with a handful of model sentence structures, to generate Lorem Ipsum which looks reasonable.','Lorem Ipsum is simply dummy text of the printing and typesetting industry. Lorem Ipsum has been the industry\'s standard dummy text ever since the 1500s, when an unknown printer took a galley of type and scrambled it to make a type specimen book. When an unknown printer took a galley of type.','95be192f-c337-11e7-84ca-00ffc5973b78'),(17,'Good 17',2001,8,4,'images/Livello27.png','2017-11-02 18:57:45',55,'There are many variations of passages of Lorem Ipsum available, but the majority have suffered alteration in some form, by injected humour, or randomised words which don\'t look even slightly believable. If you are going to use a passage of Lorem Ipsum, you need to be sure there isn\'t anything embarrassing hidden in the middle of text.             <br><br>             There are many variations of passages of Lorem Ipsum available, but the majority have suffered alteration in some form, by injected humour, or randomised words which don\'t look even slightly believable. If you are going to use a passage of Lorem Ipsum, you need to be sure there isn\'t anything embarrassing hidden in the middle of text.             <br>             - 6.1 oz. 100% preshrunk heavyweight cotton<br>             - Shoulder-to-shoulder taping<br>             - Double-needle sleeves and bottom hem             <br><br>             It uses a dictionary of over 200 Latin words, combined with a handful of model sentence structures, to generate Lorem Ipsum which looks reasonable','Lorem Ipsum is simply dummy text of the printing and typesetting industry. Lorem Ipsum has been the industry\'s standard dummy text ever since the 1500s, when an unknown printer took a galley of type and scrambled it to make a type specimen book. When an unknown printer took a galley of type.','95be1a5e-c337-11e7-84ca-00ffc5973b79'),(18,'Good 18',1020,9,2,'images/Livello28.png','2017-11-01 18:57:45',41,'There are many variations of passages of Lorem Ipsum available, but the majority have suffered alteration in some form, by injected humour, or randomised words which don\'t look even slightly believable. If you are going to use a passage of Lorem Ipsum, you need to be sure there isn\'t anything embarrassing hidden in the middle of text.             <br><br>             There are many variations of passages of Lorem Ipsum available, but the majority have suffered alteration in some form, by injected humour, or randomised words which don\'t look even slightly believable. If you are going to use a passage of Lorem Ipsum, you need to be sure there isn\'t anything embarrassing hidden in the middle of text.             <br>             - 6.1 oz. 100% preshrunk heavyweight cotton<br>             - Shoulder-to-shoulder taping<br>             - Double-needle sleeves and bottom hem             <br><br>             It uses a dictionary of over 200 Latin words, combined with a handful of model sentence structures, to generate Lorem Ipsum which looks reasonable','Lorem Ipsum is simply dummy text of the printing and typesetting industry. Lorem Ipsum has been the industry\'s standard dummy text ever since the 1500s, when an unknown printer took a galley of type and scrambled it to make a type specimen book. When an unknown printer took a galley of type.','95be1b8d-c337-11e7-84ca-00ffc5973b80'),(19,'Good 19',1,12,2,'images/shop.png','2017-11-02 18:57:45',28,'There are many variations of passages of Lorem Ipsum available, but the majority have suffered alteration in some form, by injected humour, or randomised words which don\'t look even slightly believable. If you are going to use a passage of Lorem Ipsum, you need to be sure there isn\'t anything embarrassing hidden in the middle of text.             <br><br>             There are many variations of passages of Lorem Ipsum available, but the majority have suffered alteration in some form, by injected humour, or randomised words which don\'t look even slightly believable. If you are going to use a passage of Lorem Ipsum, you need to be sure there isn\'t anything embarrassing hidden in the middle of text.             <br>             - 6.1 oz. 100% preshrunk heavyweight cotton<br>             - Shoulder-to-shoulder taping<br>             - Double-needle sleeves and bottom hem             <br><br>             It uses a dictionary of over 200 Latin words, combined with a handful of model sentence structures, to generate Lorem Ipsum which looks reasonable','Lorem Ipsum is simply dummy text of the printing and typesetting industry. Lorem Ipsum has been the industry\'s standard dummy text ever since the 1500s, when an unknown printer took a galley of type and scrambled it to make a type specimen book. When an unknown printer took a galley of type.','95be1cbc-c337-11e7-84ca-00ffc5973b81'),(20,'Good 20',800,12,1,'images/shop.png','2017-11-02 18:57:45',359,'There are many variations of passages of Lorem Ipsum available, but the majority have suffered alteration in some form, by injected humour, or randomised words which don\'t look even slightly believable. If you are going to use a passage of Lorem Ipsum, you need to be sure there isn\'t anything embarrassing hidden in the middle of text.             <br><br>             There are many variations of passages of Lorem Ipsum available, but the majority have suffered alteration in some form, by injected humour, or randomised words which don\'t look even slightly believable. If you are going to use a passage of Lorem Ipsum, you need to be sure there isn\'t anything embarrassing hidden in the middle of text.             <br>             - 6.1 oz. 100% preshrunk heavyweight cotton<br>             - Shoulder-to-shoulder taping<br>             - Double-needle sleeves and bottom hem             <br><br>             It uses a dictionary of over 200 Latin words, combined with a handful of model sentence structures, to generate Lorem Ipsum which looks reasonable','Lorem Ipsum is simply dummy text of the printing and typesetting industry. Lorem Ipsum has been the industry\'s standard dummy text ever since the 1500s, when an unknown printer took a galley of type and scrambled it to make a type specimen book. When an unknown printer took a galley of type.','95be1deb-c337-11e7-84ca-00ffc5973b82'),(21,'Good 21',48,7,2,'images/Livello25.png','2017-07-04 18:57:45',16,'There are many variations of passages of Lorem Ipsum available, but the majority have suffered alteration in some form, by injected humour, or randomised words which don\'t look even slightly believable. If you are going to use a passage of Lorem Ipsum, you need to be sure there isn\'t anything embarrassing hidden in the middle of text.             <br><br>             There are many variations of passages of Lorem Ipsum available, but the majority have suffered alteration in some form, by injected humour, or randomised words which don\'t look even slightly believable. If you are going to use a passage of Lorem Ipsum, you need to be sure there isn\'t anything embarrassing hidden in the middle of text.             <br>             - 6.1 oz. 100% preshrunk heavyweight cotton<br>             - Shoulder-to-shoulder taping<br>             - Double-needle sleeves and bottom hem             <br><br>             It uses a dictionary of over 200 Latin words, combined with a handful of model sentence structures, to generate Lorem Ipsum which looks reasonable','Lorem Ipsum is simply dummy text of the printing and typesetting industry. Lorem Ipsum has been the industry\'s standard dummy text ever since the 1500s, when an unknown printer took a galley of type and scrambled it to make a type specimen book. When an unknown printer took a galley of type.','95be17f4-c337-11e7-84ca-00ffc5973b83'),(22,'Good 22',100500,8,2,'images/Livello26.png','2017-10-10 18:57:45',49,'There are many variations of passages of Lorem Ipsum available, but the majority have suffered alteration in some form, by injected humour, or randomised words which don\'t look even slightly believable. If you are going to use a passage of Lorem Ipsum, you need to be sure there isn\'t anything embarrassing hidden in the middle of text. \r\n\r\nThere are many variations of passages of Lorem Ipsum available, but the majority have suffered alteration in some form, by injected humour, or randomised words which don\'t look even slightly believable. If you are going to use a passage of Lorem Ipsum, you need to be sure there isn\'t anything embarrassing hidden in the middle of text. \r\n- 6.1 oz. 100% preshrunk heavyweight cotton\r\n- Shoulder-to-shoulder taping\r\n- Double-needle sleeves and bottom hem \r\n\r\nIt uses a dictionary of over 200 Latin words, combined with a handful of model sentence structures, to generate Lorem Ipsum which looks reasonable.','Lorem Ipsum is simply dummy text of the printing and typesetting industry. Lorem Ipsum has been the industry\'s standard dummy text ever since the 1500s, when an unknown printer took a galley of type and scrambled it to make a type specimen book. When an unknown printer took a galley of type.','95be192f-c337-11e7-84ca-00ffc5973b84'),(23,'Good 23',2001,8,4,'images/Livello27.png','2017-11-02 18:57:45',55,'There are many variations of passages of Lorem Ipsum available, but the majority have suffered alteration in some form, by injected humour, or randomised words which don\'t look even slightly believable. If you are going to use a passage of Lorem Ipsum, you need to be sure there isn\'t anything embarrassing hidden in the middle of text.             <br><br>             There are many variations of passages of Lorem Ipsum available, but the majority have suffered alteration in some form, by injected humour, or randomised words which don\'t look even slightly believable. If you are going to use a passage of Lorem Ipsum, you need to be sure there isn\'t anything embarrassing hidden in the middle of text.             <br>             - 6.1 oz. 100% preshrunk heavyweight cotton<br>             - Shoulder-to-shoulder taping<br>             - Double-needle sleeves and bottom hem             <br><br>             It uses a dictionary of over 200 Latin words, combined with a handful of model sentence structures, to generate Lorem Ipsum which looks reasonable','Lorem Ipsum is simply dummy text of the printing and typesetting industry. Lorem Ipsum has been the industry\'s standard dummy text ever since the 1500s, when an unknown printer took a galley of type and scrambled it to make a type specimen book. When an unknown printer took a galley of type.','95be1a5e-c337-11e7-84ca-00ffc5973b85'),(24,'Good 24',1020,9,2,'images/Livello28.png','2017-11-01 18:57:45',41,'There are many variations of passages of Lorem Ipsum available, but the majority have suffered alteration in some form, by injected humour, or randomised words which don\'t look even slightly believable. If you are going to use a passage of Lorem Ipsum, you need to be sure there isn\'t anything embarrassing hidden in the middle of text.             <br><br>             There are many variations of passages of Lorem Ipsum available, but the majority have suffered alteration in some form, by injected humour, or randomised words which don\'t look even slightly believable. If you are going to use a passage of Lorem Ipsum, you need to be sure there isn\'t anything embarrassing hidden in the middle of text.             <br>             - 6.1 oz. 100% preshrunk heavyweight cotton<br>             - Shoulder-to-shoulder taping<br>             - Double-needle sleeves and bottom hem             <br><br>             It uses a dictionary of over 200 Latin words, combined with a handful of model sentence structures, to generate Lorem Ipsum which looks reasonable','Lorem Ipsum is simply dummy text of the printing and typesetting industry. Lorem Ipsum has been the industry\'s standard dummy text ever since the 1500s, when an unknown printer took a galley of type and scrambled it to make a type specimen book. When an unknown printer took a galley of type.','95be1b8d-c337-11e7-84ca-00ffc5973b86'),(25,'Good 25',1,12,2,'images/shop.png','2017-11-02 18:57:45',28,'There are many variations of passages of Lorem Ipsum available, but the majority have suffered alteration in some form, by injected humour, or randomised words which don\'t look even slightly believable. If you are going to use a passage of Lorem Ipsum, you need to be sure there isn\'t anything embarrassing hidden in the middle of text.             <br><br>             There are many variations of passages of Lorem Ipsum available, but the majority have suffered alteration in some form, by injected humour, or randomised words which don\'t look even slightly believable. If you are going to use a passage of Lorem Ipsum, you need to be sure there isn\'t anything embarrassing hidden in the middle of text.             <br>             - 6.1 oz. 100% preshrunk heavyweight cotton<br>             - Shoulder-to-shoulder taping<br>             - Double-needle sleeves and bottom hem             <br><br>             It uses a dictionary of over 200 Latin words, combined with a handful of model sentence structures, to generate Lorem Ipsum which looks reasonable','Lorem Ipsum is simply dummy text of the printing and typesetting industry. Lorem Ipsum has been the industry\'s standard dummy text ever since the 1500s, when an unknown printer took a galley of type and scrambled it to make a type specimen book. When an unknown printer took a galley of type.','95be1cbc-c337-11e7-84ca-00ffc5973b87'),(26,'Good 26',800,12,1,'images/shop.png','2017-11-02 18:57:45',359,'There are many variations of passages of Lorem Ipsum available, but the majority have suffered alteration in some form, by injected humour, or randomised words which don\'t look even slightly believable. If you are going to use a passage of Lorem Ipsum, you need to be sure there isn\'t anything embarrassing hidden in the middle of text.             <br><br>             There are many variations of passages of Lorem Ipsum available, but the majority have suffered alteration in some form, by injected humour, or randomised words which don\'t look even slightly believable. If you are going to use a passage of Lorem Ipsum, you need to be sure there isn\'t anything embarrassing hidden in the middle of text.             <br>             - 6.1 oz. 100% preshrunk heavyweight cotton<br>             - Shoulder-to-shoulder taping<br>             - Double-needle sleeves and bottom hem             <br><br>             It uses a dictionary of over 200 Latin words, combined with a handful of model sentence structures, to generate Lorem Ipsum which looks reasonable','Lorem Ipsum is simply dummy text of the printing and typesetting industry. Lorem Ipsum has been the industry\'s standard dummy text ever since the 1500s, when an unknown printer took a galley of type and scrambled it to make a type specimen book. When an unknown printer took a galley of type.','95be1deb-c337-11e7-84ca-00ffc5973b88'),(27,'Good 301',48,7,2,'images/Livello25.png','2017-07-04 18:57:45',20,'There are many variations of passages of Lorem Ipsum available, but the majority have suffered alteration in some form, by injected humour, or randomised words which don\'t look even slightly believable. If you are going to use a passage of Lorem Ipsum, you need to be sure there isn\'t anything embarrassing hidden in the middle of text.             <br><br>             There are many variations of passages of Lorem Ipsum available, but the majority have suffered alteration in some form, by injected humour, or randomised words which don\'t look even slightly believable. If you are going to use a passage of Lorem Ipsum, you need to be sure there isn\'t anything embarrassing hidden in the middle of text.             <br>             - 6.1 oz. 100% preshrunk heavyweight cotton<br>             - Shoulder-to-shoulder taping<br>             - Double-needle sleeves and bottom hem             <br><br>             It uses a dictionary of over 200 Latin words, combined with a handful of model sentence structures, to generate Lorem Ipsum which looks reasonable','Lorem Ipsum is simply dummy text of the printing and typesetting industry. Lorem Ipsum has been the industry\'s standard dummy text ever since the 1500s, when an unknown printer took a galley of type and scrambled it to make a type specimen book. When an unknown printer took a galley of type.','95be17f4-c337-11e7-84ca-00ffc5973b89'),(28,'Good 901',480,7,2,'images/Livello25.png','2017-07-04 18:57:45',18,'There are many variations of passages of Lorem Ipsum available, but the majority have suffered alteration in some form, by injected humour, or randomised words which don\'t look even slightly believable. If you are going to use a passage of Lorem Ipsum, you need to be sure there isn\'t anything embarrassing hidden in the middle of text.             <br><br>             There are many variations of passages of Lorem Ipsum available, but the majority have suffered alteration in some form, by injected humour, or randomised words which don\'t look even slightly believable. If you are going to use a passage of Lorem Ipsum, you need to be sure there isn\'t anything embarrassing hidden in the middle of text.             <br>             - 6.1 oz. 100% preshrunk heavyweight cotton<br>             - Shoulder-to-shoulder taping<br>             - Double-needle sleeves and bottom hem             <br><br>             It uses a dictionary of over 200 Latin words, combined with a handful of model sentence structures, to generate Lorem Ipsum which looks reasonable','Lorem Ipsum is simply dummy text of the printing and typesetting industry. Lorem Ipsum has been the industry\'s standard dummy text ever since the 1500s, when an unknown printer took a galley of type and scrambled it to make a type specimen book. When an unknown printer took a galley of type.','95be17f4-c337-11e7-84ca-00ffc5973b90'),(29,'Good 1501',48,7,2,'images/Livello25.png','2017-07-04 18:57:45',17,'There are many variations of passages of Lorem Ipsum available, but the majority have suffered alteration in some form, by injected humour, or randomised words which don\'t look even slightly believable. If you are going to use a passage of Lorem Ipsum, you need to be sure there isn\'t anything embarrassing hidden in the middle of text.             <br><br>             There are many variations of passages of Lorem Ipsum available, but the majority have suffered alteration in some form, by injected humour, or randomised words which don\'t look even slightly believable. If you are going to use a passage of Lorem Ipsum, you need to be sure there isn\'t anything embarrassing hidden in the middle of text.             <br>             - 6.1 oz. 100% preshrunk heavyweight cotton<br>             - Shoulder-to-shoulder taping<br>             - Double-needle sleeves and bottom hem             <br><br>             It uses a dictionary of over 200 Latin words, combined with a handful of model sentence structures, to generate Lorem Ipsum which looks reasonable','Lorem Ipsum is simply dummy text of the printing and typesetting industry. Lorem Ipsum has been the industry\'s standard dummy text ever since the 1500s, when an unknown printer took a galley of type and scrambled it to make a type specimen book. When an unknown printer took a galley of type.','95be17f4-c337-11e7-84ca-00ffc5973b91'),(30,'Good 2101',48,7,2,'images/Livello25.png','2017-07-04 18:57:45',16,'There are many variations of passages of Lorem Ipsum available, but the majority have suffered alteration in some form, by injected humour, or randomised words which don\'t look even slightly believable. If you are going to use a passage of Lorem Ipsum, you need to be sure there isn\'t anything embarrassing hidden in the middle of text.             <br><br>             There are many variations of passages of Lorem Ipsum available, but the majority have suffered alteration in some form, by injected humour, or randomised words which don\'t look even slightly believable. If you are going to use a passage of Lorem Ipsum, you need to be sure there isn\'t anything embarrassing hidden in the middle of text.             <br>             - 6.1 oz. 100% preshrunk heavyweight cotton<br>             - Shoulder-to-shoulder taping<br>             - Double-needle sleeves and bottom hem             <br><br>             It uses a dictionary of over 200 Latin words, combined with a handful of model sentence structures, to generate Lorem Ipsum which looks reasonable','Lorem Ipsum is simply dummy text of the printing and typesetting industry. Lorem Ipsum has been the industry\'s standard dummy text ever since the 1500s, when an unknown printer took a galley of type and scrambled it to make a type specimen book. When an unknown printer took a galley of type.','95be17f4-c337-11e7-84ca-00ffc5973b92'),(31,'Good 322',48,7,2,'images/Livello25.png','2017-07-04 18:57:45',20,'There are many variations of passages of Lorem Ipsum available, but the majority have suffered alteration in some form, by injected humour, or randomised words which don\'t look even slightly believable. If you are going to use a passage of Lorem Ipsum, you need to be sure there isn\'t anything embarrassing hidden in the middle of text.             <br><br>             There are many variations of passages of Lorem Ipsum available, but the majority have suffered alteration in some form, by injected humour, or randomised words which don\'t look even slightly believable. If you are going to use a passage of Lorem Ipsum, you need to be sure there isn\'t anything embarrassing hidden in the middle of text.             <br>             - 6.1 oz. 100% preshrunk heavyweight cotton<br>             - Shoulder-to-shoulder taping<br>             - Double-needle sleeves and bottom hem             <br><br>             It uses a dictionary of over 200 Latin words, combined with a handful of model sentence structures, to generate Lorem Ipsum which looks reasonable','Lorem Ipsum is simply dummy text of the printing and typesetting industry. Lorem Ipsum has been the industry\'s standard dummy text ever since the 1500s, when an unknown printer took a galley of type and scrambled it to make a type specimen book. When an unknown printer took a galley of type.','95be17f4-c337-11e7-84ca-00ffc5973b93'),(32,'Good 922',480,7,2,'images/Livello25.png','2017-07-04 18:57:45',16,'There are many variations of passages of Lorem Ipsum available, but the majority have suffered alteration in some form, by injected humour, or randomised words which don\'t look even slightly believable. If you are going to use a passage of Lorem Ipsum, you need to be sure there isn\'t anything embarrassing hidden in the middle of text.             <br><br>             There are many variations of passages of Lorem Ipsum available, but the majority have suffered alteration in some form, by injected humour, or randomised words which don\'t look even slightly believable. If you are going to use a passage of Lorem Ipsum, you need to be sure there isn\'t anything embarrassing hidden in the middle of text.             <br>             - 6.1 oz. 100% preshrunk heavyweight cotton<br>             - Shoulder-to-shoulder taping<br>             - Double-needle sleeves and bottom hem             <br><br>             It uses a dictionary of over 200 Latin words, combined with a handful of model sentence structures, to generate Lorem Ipsum which looks reasonable','Lorem Ipsum is simply dummy text of the printing and typesetting industry. Lorem Ipsum has been the industry\'s standard dummy text ever since the 1500s, when an unknown printer took a galley of type and scrambled it to make a type specimen book. When an unknown printer took a galley of type.','95be17f4-c337-11e7-84ca-00ffc5973b94'),(33,'Good 1522',48,7,2,'images/Livello25.png','2017-07-04 18:57:45',17,'There are many variations of passages of Lorem Ipsum available, but the majority have suffered alteration in some form, by injected humour, or randomised words which don\'t look even slightly believable. If you are going to use a passage of Lorem Ipsum, you need to be sure there isn\'t anything embarrassing hidden in the middle of text.             <br><br>             There are many variations of passages of Lorem Ipsum available, but the majority have suffered alteration in some form, by injected humour, or randomised words which don\'t look even slightly believable. If you are going to use a passage of Lorem Ipsum, you need to be sure there isn\'t anything embarrassing hidden in the middle of text.             <br>             - 6.1 oz. 100% preshrunk heavyweight cotton<br>             - Shoulder-to-shoulder taping<br>             - Double-needle sleeves and bottom hem             <br><br>             It uses a dictionary of over 200 Latin words, combined with a handful of model sentence structures, to generate Lorem Ipsum which looks reasonable','Lorem Ipsum is simply dummy text of the printing and typesetting industry. Lorem Ipsum has been the industry\'s standard dummy text ever since the 1500s, when an unknown printer took a galley of type and scrambled it to make a type specimen book. When an unknown printer took a galley of type.','95be17f4-c337-11e7-84ca-00ffc5973b95'),(34,'Good 2122',48,7,2,'images/Livello25.png','2017-07-04 18:57:45',16,'There are many variations of passages of Lorem Ipsum available, but the majority have suffered alteration in some form, by injected humour, or randomised words which don\'t look even slightly believable. If you are going to use a passage of Lorem Ipsum, you need to be sure there isn\'t anything embarrassing hidden in the middle of text.             <br><br>             There are many variations of passages of Lorem Ipsum available, but the majority have suffered alteration in some form, by injected humour, or randomised words which don\'t look even slightly believable. If you are going to use a passage of Lorem Ipsum, you need to be sure there isn\'t anything embarrassing hidden in the middle of text.             <br>             - 6.1 oz. 100% preshrunk heavyweight cotton<br>             - Shoulder-to-shoulder taping<br>             - Double-needle sleeves and bottom hem             <br><br>             It uses a dictionary of over 200 Latin words, combined with a handful of model sentence structures, to generate Lorem Ipsum which looks reasonable','Lorem Ipsum is simply dummy text of the printing and typesetting industry. Lorem Ipsum has been the industry\'s standard dummy text ever since the 1500s, when an unknown printer took a galley of type and scrambled it to make a type specimen book. When an unknown printer took a galley of type.','95be17f4-c337-11e7-84ca-00ffc5973b96'),(35,'Good 30122',48,7,2,'images/Livello25.png','2017-07-04 18:57:45',20,'There are many variations of passages of Lorem Ipsum available, but the majority have suffered alteration in some form, by injected humour, or randomised words which don\'t look even slightly believable. If you are going to use a passage of Lorem Ipsum, you need to be sure there isn\'t anything embarrassing hidden in the middle of text.             <br><br>             There are many variations of passages of Lorem Ipsum available, but the majority have suffered alteration in some form, by injected humour, or randomised words which don\'t look even slightly believable. If you are going to use a passage of Lorem Ipsum, you need to be sure there isn\'t anything embarrassing hidden in the middle of text.             <br>             - 6.1 oz. 100% preshrunk heavyweight cotton<br>             - Shoulder-to-shoulder taping<br>             - Double-needle sleeves and bottom hem             <br><br>             It uses a dictionary of over 200 Latin words, combined with a handful of model sentence structures, to generate Lorem Ipsum which looks reasonable','Lorem Ipsum is simply dummy text of the printing and typesetting industry. Lorem Ipsum has been the industry\'s standard dummy text ever since the 1500s, when an unknown printer took a galley of type and scrambled it to make a type specimen book. When an unknown printer took a galley of type.','95be17f4-c337-11e7-84ca-00ffc5973b97'),(36,'Good 90122',480,7,2,'images/Livello25.png','2017-07-04 18:57:45',16,'There are many variations of passages of Lorem Ipsum available, but the majority have suffered alteration in some form, by injected humour, or randomised words which don\'t look even slightly believable. If you are going to use a passage of Lorem Ipsum, you need to be sure there isn\'t anything embarrassing hidden in the middle of text.             <br><br>             There are many variations of passages of Lorem Ipsum available, but the majority have suffered alteration in some form, by injected humour, or randomised words which don\'t look even slightly believable. If you are going to use a passage of Lorem Ipsum, you need to be sure there isn\'t anything embarrassing hidden in the middle of text.             <br>             - 6.1 oz. 100% preshrunk heavyweight cotton<br>             - Shoulder-to-shoulder taping<br>             - Double-needle sleeves and bottom hem             <br><br>             It uses a dictionary of over 200 Latin words, combined with a handful of model sentence structures, to generate Lorem Ipsum which looks reasonable','Lorem Ipsum is simply dummy text of the printing and typesetting industry. Lorem Ipsum has been the industry\'s standard dummy text ever since the 1500s, when an unknown printer took a galley of type and scrambled it to make a type specimen book. When an unknown printer took a galley of type.','95be17f4-c337-11e7-84ca-00ffc5973b98'),(37,'Good 150122',48,7,2,'images/Livello25.png','2017-07-04 18:57:45',17,'There are many variations of passages of Lorem Ipsum available, but the majority have suffered alteration in some form, by injected humour, or randomised words which don\'t look even slightly believable. If you are going to use a passage of Lorem Ipsum, you need to be sure there isn\'t anything embarrassing hidden in the middle of text.             <br><br>             There are many variations of passages of Lorem Ipsum available, but the majority have suffered alteration in some form, by injected humour, or randomised words which don\'t look even slightly believable. If you are going to use a passage of Lorem Ipsum, you need to be sure there isn\'t anything embarrassing hidden in the middle of text.             <br>             - 6.1 oz. 100% preshrunk heavyweight cotton<br>             - Shoulder-to-shoulder taping<br>             - Double-needle sleeves and bottom hem             <br><br>             It uses a dictionary of over 200 Latin words, combined with a handful of model sentence structures, to generate Lorem Ipsum which looks reasonable','Lorem Ipsum is simply dummy text of the printing and typesetting industry. Lorem Ipsum has been the industry\'s standard dummy text ever since the 1500s, when an unknown printer took a galley of type and scrambled it to make a type specimen book. When an unknown printer took a galley of type.','95be17f4-c337-11e7-84ca-00ffc5973b99'),(38,'Good 210122',48,7,2,'images/Livello25.png','2017-07-04 18:57:45',16,'There are many variations of passages of Lorem Ipsum available, but the majority have suffered alteration in some form, by injected humour, or randomised words which don\'t look even slightly believable. If you are going to use a passage of Lorem Ipsum, you need to be sure there isn\'t anything embarrassing hidden in the middle of text.             <br><br>             There are many variations of passages of Lorem Ipsum available, but the majority have suffered alteration in some form, by injected humour, or randomised words which don\'t look even slightly believable. If you are going to use a passage of Lorem Ipsum, you need to be sure there isn\'t anything embarrassing hidden in the middle of text.             <br>             - 6.1 oz. 100% preshrunk heavyweight cotton<br>             - Shoulder-to-shoulder taping<br>             - Double-needle sleeves and bottom hem             <br><br>             It uses a dictionary of over 200 Latin words, combined with a handful of model sentence structures, to generate Lorem Ipsum which looks reasonable','Lorem Ipsum is simply dummy text of the printing and typesetting industry. Lorem Ipsum has been the industry\'s standard dummy text ever since the 1500s, when an unknown printer took a galley of type and scrambled it to make a type specimen book. When an unknown printer took a galley of type.','95be17f4-c337-11e7-84ca-00ffc5973b00');
/*!40000 ALTER TABLE `goods` ENABLE KEYS */;
UNLOCK TABLES;

--
-- Table structure for table `order_status`
--

DROP TABLE IF EXISTS `order_status`;
/*!40101 SET @saved_cs_client     = @@character_set_client */;
 SET character_set_client = utf8mb4 ;
CREATE TABLE `order_status` (
  `id` int(11) NOT NULL AUTO_INCREMENT,
  `status_name` varchar(45) NOT NULL,
  PRIMARY KEY (`id`),
  UNIQUE KEY `id_UNIQUE` (`id`),
  UNIQUE KEY `status_name_UNIQUE` (`status_name`)
) ENGINE=InnoDB AUTO_INCREMENT=4 DEFAULT CHARSET=utf8;
/*!40101 SET character_set_client = @saved_cs_client */;

--
-- Dumping data for table `order_status`
--

LOCK TABLES `order_status` WRITE;
/*!40000 ALTER TABLE `order_status` DISABLE KEYS */;
INSERT INTO `order_status` VALUES (2,'Отправлен'),(3,'Получен'),(1,'Принят');
/*!40000 ALTER TABLE `order_status` ENABLE KEYS */;
UNLOCK TABLES;

--
-- Table structure for table `orders`
--

DROP TABLE IF EXISTS `orders`;
/*!40101 SET @saved_cs_client     = @@character_set_client */;
 SET character_set_client = utf8mb4 ;
CREATE TABLE `orders` (
  `id` int(11) NOT NULL AUTO_INCREMENT,
  `order_id` int(11) NOT NULL,
  `user_id` int(11) NOT NULL,
  `good_uid` varchar(45) NOT NULL,
  `quantity` int(11) NOT NULL,
  `time_order` int(11) NOT NULL,
  PRIMARY KEY (`id`),
  UNIQUE KEY `id_UNIQUE` (`id`)
) ENGINE=InnoDB AUTO_INCREMENT=71 DEFAULT CHARSET=utf8;
/*!40101 SET character_set_client = @saved_cs_client */;

--
-- Dumping data for table `orders`
--

LOCK TABLES `orders` WRITE;
/*!40000 ALTER TABLE `orders` DISABLE KEYS */;
INSERT INTO `orders` VALUES (57,13,1,'95be17f4-c337-11e7-84ca-00ffc5973b65',1,1548029680),(58,13,1,'95be17f4-c337-11e7-84ca-00ffc5973b71',1,1548029680),(60,14,1,'95be192f-c337-11e7-84ca-00ffc5973b66',3,1548029722),(61,14,1,'95be1a5e-c337-11e7-84ca-00ffc5973b67',1,1548029722),(63,15,1,'95be17f4-c337-11e7-84ca-00ffc5973b65',2,1548029967),(64,15,1,'95be17f4-c337-11e7-84ca-00ffc5973b71',1,1548029967),(65,15,1,'95be17f4-c337-11e7-84ca-00ffc5973b77',1,1548029967),(66,16,1,'95be192f-c337-11e7-84ca-00ffc5973b66',1,1548030048),(67,16,1,'95be1a5e-c337-11e7-84ca-00ffc5973b67',2,1548030048),(69,17,27,'95be1a5e-c337-11e7-84ca-00ffc5973b67',2,1548030480),(70,17,27,'95be1deb-c337-11e7-84ca-00ffc5973b70',1,1548030480);
/*!40000 ALTER TABLE `orders` ENABLE KEYS */;
UNLOCK TABLES;

--
-- Table structure for table `orders_data`
--

DROP TABLE IF EXISTS `orders_data`;
/*!40101 SET @saved_cs_client     = @@character_set_client */;
 SET character_set_client = utf8mb4 ;
CREATE TABLE `orders_data` (
  `id` int(11) NOT NULL AUTO_INCREMENT,
  `time_order` int(11) NOT NULL,
  `user_id` int(11) NOT NULL,
  `status` varchar(45) NOT NULL,
  PRIMARY KEY (`id`)
) ENGINE=InnoDB AUTO_INCREMENT=18 DEFAULT CHARSET=utf8;
/*!40101 SET character_set_client = @saved_cs_client */;

--
-- Dumping data for table `orders_data`
--

LOCK TABLES `orders_data` WRITE;
/*!40000 ALTER TABLE `orders_data` DISABLE KEYS */;
INSERT INTO `orders_data` VALUES (13,1548029680,1,'3'),(14,1548029722,1,'3'),(15,1548029967,1,'3'),(16,1548030048,1,'1'),(17,1548030480,27,'1');
/*!40000 ALTER TABLE `orders_data` ENABLE KEYS */;
UNLOCK TABLES;

--
-- Table structure for table `pages`
--

DROP TABLE IF EXISTS `pages`;
/*!40101 SET @saved_cs_client     = @@character_set_client */;
 SET character_set_client = utf8mb4 ;
CREATE TABLE `pages` (
  `id` int(11) NOT NULL AUTO_INCREMENT,
  `name` varchar(250) DEFAULT NULL,
  `url` varchar(250) NOT NULL,
  `paarent_id` int(11) NOT NULL,
  PRIMARY KEY (`id`)
) ENGINE=InnoDB AUTO_INCREMENT=24 DEFAULT CHARSET=utf8;
/*!40101 SET character_set_client = @saved_cs_client */;

--
-- Dumping data for table `pages`
--

LOCK TABLES `pages` WRITE;
/*!40000 ALTER TABLE `pages` DISABLE KEYS */;
INSERT INTO `pages` VALUES (1,'Главная страница','',0),(2,'О Магазине','info',1),(3,'Каталог','catalog',1),(4,'Статьи','article',1),(5,'Контакты','contact',1),(6,'Товары для серфинга','serf',3),(8,'Товары для дайвинга','diving',3),(10,'Гидрокостюмы','gidro',6),(11,'Доски','doska_serf',6),(12,'Аксессуары','acsessuar',6),(13,'Кайтсерфы','kitesurfers',6),(14,'Чехлы','case',6),(15,'Маски','mask',8),(18,'BCD куртки','seacsub-ego',8),(19,'Компьтеры','cressi_giotto',8),(20,'Подводные аппараты','seadoo-aquaranger',8),(21,'Фотогаллерея','galery',1),(22,'Фотогаллерея AJAX','galery_ajax',21),(23,'Фотогаллерея классическая','galery',21);
/*!40000 ALTER TABLE `pages` ENABLE KEYS */;
UNLOCK TABLES;

--
-- Table structure for table `users`
--

DROP TABLE IF EXISTS `users`;
/*!40101 SET @saved_cs_client     = @@character_set_client */;
 SET character_set_client = utf8mb4 ;
CREATE TABLE `users` (
  `id_user` int(11) NOT NULL AUTO_INCREMENT,
  `login` varchar(50) NOT NULL,
  `pass` varchar(500) NOT NULL,
  `prim` varchar(500) NOT NULL,
  `surname` varchar(50) NOT NULL,
  `name` varchar(50) NOT NULL,
  `patronymic` varchar(50) DEFAULT NULL,
  `telephone` varchar(15) NOT NULL,
  `email` varchar(50) NOT NULL,
  `age` int(11) NOT NULL,
  `gender` varchar(15) NOT NULL,
  `comments` text,
  `sport` varchar(2) DEFAULT NULL,
  `turist` varchar(2) DEFAULT NULL,
  `padi` varchar(2) DEFAULT NULL,
  `travels` varchar(2) DEFAULT NULL,
  `auto` varchar(2) DEFAULT NULL,
  `it` varchar(2) DEFAULT NULL,
  PRIMARY KEY (`id_user`)
) ENGINE=InnoDB AUTO_INCREMENT=28 DEFAULT CHARSET=utf8 ROW_FORMAT=COMPACT;
/*!40101 SET character_set_client = @saved_cs_client */;

--
-- Dumping data for table `users`
--

LOCK TABLES `users` WRITE;
/*!40000 ALTER TABLE `users` DISABLE KEYS */;
INSERT INTO `users` VALUES (1,'user','$2y$10$mBPas3uNzVeY0AYq4MWu7es7BfLAmI6j4r8fjmkaNRGeupNax69ZO','','','','','','',0,'','','','','','','',''),(27,'user2','$2y$10$mBPas3uNzVeY0AYq4MWu7es7BfLAmI6j4r8fjmkaNRGeupNax69ZO','','','',NULL,'','',0,'',NULL,NULL,NULL,NULL,NULL,NULL,NULL);
/*!40000 ALTER TABLE `users` ENABLE KEYS */;
UNLOCK TABLES;

--
-- Table structure for table `users_auth`
--

DROP TABLE IF EXISTS `users_auth`;
/*!40101 SET @saved_cs_client     = @@character_set_client */;
 SET character_set_client = utf8mb4 ;
CREATE TABLE `users_auth` (
  `id_user` int(11) NOT NULL,
  `id_user_session` int(11) NOT NULL AUTO_INCREMENT,
  `hash_cookie` varchar(500) NOT NULL,
  `date` date NOT NULL,
  `prim` text NOT NULL,
  PRIMARY KEY (`id_user_session`),
  KEY `id_user` (`id_user`),
  CONSTRAINT `users_auth_ibfk_1` FOREIGN KEY (`id_user`) REFERENCES `users` (`id_user`)
) ENGINE=InnoDB AUTO_INCREMENT=10 DEFAULT CHARSET=utf8;
/*!40101 SET character_set_client = @saved_cs_client */;

--
-- Dumping data for table `users_auth`
--

LOCK TABLES `users_auth` WRITE;
/*!40000 ALTER TABLE `users_auth` DISABLE KEYS */;
INSERT INTO `users_auth` VALUES (1,8,'31e914fce3c59037a7e6fdd3b274c3afd1b89f7a2aef218ca884a07a09faf9e4','2019-01-21','1548032836.7832121690050'),(1,9,'f42fde3132de3ecbceaad00f1ec1879de989e9a9804a1f4bb57a7b95cce23afb','2019-01-23','1548199342.2428306023');
/*!40000 ALTER TABLE `users_auth` ENABLE KEYS */;
UNLOCK TABLES;
/*!40103 SET TIME_ZONE=@OLD_TIME_ZONE */;

/*!40101 SET SQL_MODE=@OLD_SQL_MODE */;
/*!40014 SET FOREIGN_KEY_CHECKS=@OLD_FOREIGN_KEY_CHECKS */;
/*!40014 SET UNIQUE_CHECKS=@OLD_UNIQUE_CHECKS */;
/*!40101 SET CHARACTER_SET_CLIENT=@OLD_CHARACTER_SET_CLIENT */;
/*!40101 SET CHARACTER_SET_RESULTS=@OLD_CHARACTER_SET_RESULTS */;
/*!40101 SET COLLATION_CONNECTION=@OLD_COLLATION_CONNECTION */;
/*!40111 SET SQL_NOTES=@OLD_SQL_NOTES */;

-- Dump completed on 2019-01-24 14:09:06
